block_id,A,B,probability
0,3,10,0.2
0,3,100,0.2
0,3,1000,0.6
1,2,100,1.0
2,1,10,1.0
3,1,10,1.0
4,2,100,1.0
5,3,1000,1.0
6,2,1000,1.0
7,1,10,0.7499999999999999
7,2,10,0.15
7,3,10,0.10000000000000002
8,1,10,1.0
9,3,1000,1.0
10,1,10,1.0
11,1,1000,1.0
12,1,10,1.0
13,2,100,1.0
14,1,1000,1.0
15,1,10,1.0
16,2,100,1.0
17,1,10,1.0
18,2,10,1.0
19,1,10,1.0
20,3,1000,1.0
21,1,10,1.0
22,2,100,1.0
23,1,100,1.0
24,1,100,1.0
25,1,1000,1.0
26,1,10,1.0
27,2,100,1.0
28,3,1000,1.0
29,3,10,1.0
30,3,100,1.0
31,1,10,0.8823529411764706
31,1,100,0.0
31,1,1000,0.0
31,2,10,0.0
31,2,100,0.0
31,2,1000,0.0
31,3,10,0.11764705882352945
31,3,100,0.0
31,3,1000,0.0
32,1,10,1.0
33,1,10,1.0
34,1,10,0.7499999999999999
34,2,10,0.15
34,3,10,0.10000000000000002
35,1,1000,1.0
36,2,10,1.0
37,2,100,1.0
38,2,100,1.0
39,2,100,1.0
40,1,1000,1.0
41,1,10,1.0
42,2,100,1.0
43,2,10,1.0
44,1,10,1.0
45,2,100,1.0
46,3,1000,1.0
47,1,1000,1.0
48,1,100,1.0
49,1,100,1.0
50,1,10,1.0
51,3,10,0.2
51,3,100,0.2
51,3,1000,0.6
52,3,100,1.0
53,2,100,1.0
54,1,1000,1.0
55,2,1000,1.0
56,2,10,1.0
57,1,10,1.0
58,3,1000,1.0
59,2,1000,1.0
60,1,1000,1.0
61,1,10,1.0
62,2,100,1.0
63,1,10,1.0
64,1,100,1.0
65,2,100,1.0
66,2,100,1.0
67,2,100,1.0
68,1,100,1.0
69,1,100,1.0
70,1,10,1.0
71,1,10,0.6
71,1,100,0.2
71,1,1000,0.2
72,2,100,1.0
73,1,10,0.7499999999999999
73,2,10,0.15
73,3,10,0.10000000000000002
74,1,1000,1.0
75,1,10,1.0
76,1,10,0.6
76,1,100,0.2
76,1,1000,0.2
77,1,10,1.0
78,1,1000,1.0
79,3,100,1.0
80,1,10,1.0
81,2,100,1.0
82,3,10,1.0
83,1,1000,1.0
84,2,100,1.0
85,1,10,0.6
85,1,100,0.2
85,1,1000,0.2
86,1,10,0.7499999999999999
86,2,10,0.15
86,3,10,0.10000000000000002
87,1,10,1.0
88,1,10,1.0
89,3,10,0.2
89,3,100,0.2
89,3,1000,0.6
90,2,100,1.0
91,3,1000,1.0
92,1,1000,1.0
93,1,10,1.0
94,3,10,1.0
95,1,10,1.0
96,1,10,1.0
97,2,100,1.0
98,2,100,1.0
99,2,1000,1.0
100,1,100,1.0
101,1,100,1.0
102,2,100,1.0
103,2,100,1.0
104,1,10,1.0
105,1,10,1.0
106,1,1000,1.0
107,2,10,1.0
108,1,10,0.7499999999999999
108,2,10,0.15
108,3,10,0.10000000000000002
109,1,1000,1.0
110,1,1000,1.0
111,1,1000,1.0
112,2,1000,1.0
113,1,10,0.7499999999999999
113,2,10,0.15
113,3,10,0.10000000000000002
114,3,100,1.0
115,1,10,0.6
115,1,100,0.2
115,1,1000,0.2
116,1,1000,1.0
117,1,1000,1.0
118,3,100,1.0
119,1,10,1.0
120,2,1000,1.0
121,2,100,1.0
122,1,100,1.0
123,3,1000,1.0
124,1,10,1.0
125,1,1000,1.0
126,2,10,1.0
127,2,100,1.0
128,3,1000,1.0
129,1,10,0.6
129,1,100,0.2
129,1,1000,0.2
130,3,10,0.2
130,3,100,0.2
130,3,1000,0.6
131,3,1000,1.0
132,2,100,1.0
133,2,100,1.0
134,2,10,1.0
135,1,10,0.6
135,1,100,0.2
135,1,1000,0.2
136,3,1000,1.0
137,1,10,0.8823529411764706
137,1,100,0.0
137,1,1000,0.0
137,2,10,0.0
137,2,100,0.0
137,2,1000,0.0
137,3,10,0.11764705882352944
137,3,100,0.0
137,3,1000,0.0
138,1,10,0.7499999999999999
138,2,10,0.15
138,3,10,0.10000000000000002
139,2,1000,1.0
140,1,10,1.0
141,1,10,1.0
142,1,10,1.0
143,1,100,1.0
144,2,10,1.0
145,3,1000,1.0
146,1,1000,1.0
147,2,10,1.0
148,2,100,1.0
149,1,10,1.0
150,3,100,1.0
151,1,1000,1.0
152,1,1000,1.0
153,1,10,0.6
153,1,100,0.2
153,1,1000,0.2
154,1,10,1.0
155,2,1000,1.0
156,1,1000,1.0
157,1,10,0.6
157,1,100,0.2
157,1,1000,0.2
158,1,10,1.0
159,1,10,1.0
160,1,100,1.0
161,1,100,1.0
162,1,10,1.0
163,2,100,1.0
164,1,10,1.0
165,3,1000,1.0
166,1,10,1.0
167,1,10,1.0
168,1,1000,1.0
169,3,10,1.0
170,1,10,1.0
171,3,10,0.2
171,3,100,0.2
171,3,1000,0.6
172,1,10,0.6
172,1,100,0.2
172,1,1000,0.2
173,1,10,0.6
173,1,100,0.2
173,1,1000,0.2
174,1,10,1.0
175,2,10,1.0
176,2,100,1.0
177,2,1000,1.0
178,3,1000,1.0
179,1,1000,1.0
180,2,100,1.0
181,1,10,1.0
182,3,10,0.2
182,3,100,0.2
182,3,1000,0.6
183,1,100,1.0
184,2,10,1.0
185,3,100,1.0
186,1,10,1.0
187,1,100,1.0
188,2,1000,1.0
189,3,10,1.0
190,2,100,1.0
191,1,1000,1.0
192,1,10,1.0
193,2,1000,1.0
194,1,10,1.0
195,1,10,0.6
195,1,100,0.2
195,1,1000,0.2
196,2,100,1.0
197,2,100,1.0
198,1,1000,1.0
199,2,100,1.0
200,1,10,1.0
201,2,100,1.0
202,1,10,0.7499999999999999
202,2,10,0.15
202,3,10,0.10000000000000002
203,1,10,0.6
203,1,100,0.2
203,1,1000,0.2
204,1,10,0.6
204,1,100,0.2
204,1,1000,0.2
205,1,10,1.0
206,1,10,1.0
207,3,1000,1.0
208,3,1000,1.0
209,1,10,0.7499999999999999
209,2,10,0.15
209,3,10,0.10000000000000002
210,3,10,1.0
211,1,100,1.0
212,3,100,1.0
213,3,10,0.2
213,3,100,0.2
213,3,1000,0.6
214,1,10,0.7499999999999999
214,2,10,0.15
214,3,10,0.10000000000000002
215,1,10,1.0
216,1,1000,1.0
217,1,10,1.0
218,1,10,1.0
219,3,1000,1.0
220,1,1000,1.0
221,1,100,1.0
222,1,10,1.0
223,1,1000,1.0
224,1,10,1.0
225,1,10,1.0
226,1,1000,1.0
227,3,1000,1.0
228,2,100,1.0
229,2,100,1.0
230,3,1000,1.0
231,1,1000,1.0
232,2,100,1.0
233,1,100,1.0
234,1,10,1.0
235,1,10,1.0
236,3,1000,1.0
237,3,1000,1.0
238,1,10,1.0
239,2,100,1.0
240,3,10,1.0
241,2,100,1.0
242,1,1000,1.0
243,1,10,0.6
243,1,100,0.2
243,1,1000,0.2
244,1,100,1.0
245,1,10,1.0
246,1,10,0.6
246,1,100,0.2
246,1,1000,0.2
247,3,1000,1.0
248,1,10,1.0
249,3,10,1.0
250,2,10,1.0
251,2,100,1.0
252,3,1000,1.0
253,1,1000,1.0
254,1,10,1.0
255,1,10,1.0
256,1,10,0.7499999999999999
256,2,10,0.15
256,3,10,0.10000000000000002
257,3,1000,1.0
258,1,10,1.0
259,2,1000,1.0
260,1,10,1.0
261,1,100,1.0
262,2,100,1.0
263,1,10,0.7499999999999999
263,2,10,0.15
263,3,10,0.10000000000000002
264,2,100,1.0
265,1,10,0.7499999999999999
265,2,10,0.15
265,3,10,0.10000000000000002
266,1,1000,1.0
267,1,10,1.0
268,3,1000,1.0
269,3,10,1.0
270,1,100,1.0
271,1,1000,1.0
272,2,100,1.0
273,2,100,1.0
274,3,100,1.0
275,1,10,1.0
276,1,100,1.0
277,2,100,1.0
278,2,10,1.0
279,1,10,0.6
279,1,100,0.2
279,1,1000,0.2
280,1,10,1.0
281,1,10,1.0
282,1,1000,1.0
283,2,10,1.0
284,1,1000,1.0
285,3,10,0.2
285,3,100,0.2
285,3,1000,0.6
286,2,10,1.0
287,1,10,0.6
287,1,100,0.2
287,1,1000,0.2
288,3,1000,1.0
289,1,10,1.0
290,1,1000,1.0
291,1,100,1.0
292,3,1000,1.0
293,1,10,0.7499999999999999
293,2,10,0.15
293,3,10,0.10000000000000002
294,1,10,1.0
295,2,10,1.0
296,1,10,1.0
297,1,1000,1.0
298,1,10,1.0
299,2,10,1.0
300,1,1000,1.0
301,2,10,1.0
302,1,10,1.0
303,1,1000,1.0
304,1,100,1.0
305,1,10,1.0
306,1,10,1.0
307,1,1000,1.0
308,2,100,1.0
309,1,100,1.0
310,1,10,1.0
311,3,10,1.0
312,1,1000,1.0
313,2,100,1.0
314,2,100,1.0
315,1,100,1.0
316,1,100,1.0
317,1,10,1.0
318,3,1000,1.0
319,1,1000,1.0
320,1,10,1.0
321,3,10,0.2
321,3,100,0.2
321,3,1000,0.6
322,1,100,1.0
323,2,100,1.0
324,1,10,1.0
325,3,1000,1.0
326,1,100,1.0
327,1,10,1.0
328,2,10,1.0
329,2,10,1.0
330,2,100,1.0
331,1,10,1.0
332,1,10,1.0
333,2,1000,1.0
334,2,1000,1.0
335,1,100,1.0
336,1,100,1.0
337,3,100,1.0
338,3,1000,1.0
339,1,10,1.0
340,1,10,1.0
341,1,100,1.0
342,1,1000,1.0
343,1,100,1.0
344,1,10,1.0
345,3,1000,1.0
346,1,10,1.0
347,1,10,0.6
347,1,100,0.2
347,1,1000,0.2
348,2,100,1.0
349,2,100,1.0
350,3,100,1.0
351,3,1000,1.0
352,1,10,1.0
353,2,1000,1.0
354,3,100,1.0
355,1,10,1.0
356,2,100,1.0
357,1,1000,1.0
358,2,1000,1.0
359,2,1000,1.0
360,2,100,1.0
361,2,10,1.0
362,1,10,0.7499999999999999
362,2,10,0.15
362,3,10,0.10000000000000002
363,1,10,0.7499999999999999
363,2,10,0.15
363,3,10,0.10000000000000002
364,1,10,1.0
365,1,10,0.7499999999999999
365,2,10,0.15
365,3,10,0.10000000000000002
366,2,100,1.0
367,2,100,1.0
368,1,10,1.0
369,2,100,1.0
370,2,100,1.0
371,1,10,1.0
372,1,10,1.0
373,1,1000,1.0
374,2,10,1.0
375,1,10,0.6
375,1,100,0.2
375,1,1000,0.2
376,1,10,1.0
377,1,10,1.0
378,2,100,1.0
379,1,100,1.0
380,2,100,1.0
381,3,1000,1.0
382,1,100,1.0
383,1,10,1.0
384,2,10,1.0
385,3,1000,1.0
386,1,100,1.0
387,1,1000,1.0
388,1,10,0.6
388,1,100,0.2
388,1,1000,0.2
389,2,1000,1.0
390,1,10,1.0
391,1,100,1.0
392,3,1000,1.0
393,1,1000,1.0
394,1,1000,1.0
395,1,10,1.0
396,1,1000,1.0
397,3,10,1.0
398,1,100,1.0
399,3,1000,1.0
400,1,100,1.0
401,3,1000,1.0
402,2,1000,1.0
403,3,1000,1.0
404,1,10,1.0
405,2,100,1.0
406,1,1000,1.0
407,1,10,1.0
408,2,1000,1.0
409,1,10,1.0
410,2,100,1.0
411,3,10,0.2
411,3,100,0.2
411,3,1000,0.6
412,1,10,1.0
413,2,1000,1.0
414,3,1000,1.0
415,3,1000,1.0
416,2,1000,1.0
417,1,10,1.0
418,2,100,1.0
419,3,100,1.0
420,1,10,0.6
420,1,100,0.2
420,1,1000,0.2
421,2,10,1.0
422,1,10,1.0
423,2,1000,1.0
424,1,10,0.6
424,1,100,0.2
424,1,1000,0.2
425,3,1000,1.0
426,3,1000,1.0
427,1,1000,1.0
428,3,100,1.0
429,1,10,1.0
430,2,10,1.0
431,1,1000,1.0
432,2,100,1.0
433,1,10,1.0
434,2,100,1.0
435,1,10,1.0
436,3,10,0.2
436,3,100,0.2
436,3,1000,0.6
437,2,10,1.0
438,2,10,1.0
439,1,10,1.0
440,1,10,1.0
441,1,10,1.0
442,1,10,1.0
443,2,10,1.0
444,1,10,1.0
445,2,100,1.0
446,3,1000,1.0
447,1,10,1.0
448,3,10,1.0
449,1,10,1.0
450,1,1000,1.0
451,1,10,1.0
452,2,100,1.0
453,1,10,0.6
453,1,100,0.2
453,1,1000,0.2
454,2,100,1.0
455,2,1000,1.0
456,1,10,1.0
457,1,10,0.8823529411764706
457,1,100,0.0
457,1,1000,0.0
457,2,10,0.0
457,2,100,0.0
457,2,1000,0.0
457,3,10,0.11764705882352942
457,3,100,0.0
457,3,1000,0.0
458,1,1000,1.0
459,1,10,1.0
460,2,100,1.0
461,1,10,1.0
462,1,10,1.0
463,3,1000,1.0
464,2,100,1.0
465,3,10,0.2
465,3,100,0.2
465,3,1000,0.6
466,1,1000,1.0
467,1,10,1.0
468,2,100,1.0
469,1,10,0.7499999999999999
469,2,10,0.15
469,3,10,0.10000000000000002
470,3,10,1.0
471,2,10,1.0
472,1,1000,1.0
473,2,100,1.0
474,3,10,1.0
475,3,100,1.0
476,3,10,1.0
477,2,100,1.0
478,1,10,1.0
479,1,1000,1.0
480,1,10,1.0
481,1,10,1.0
482,1,100,1.0
483,3,100,1.0
484,2,100,1.0
485,3,10,1.0
486,2,100,1.0
487,3,1000,1.0
488,1,10,1.0
489,2,1000,1.0
490,3,10,0.2
490,3,100,0.2
490,3,1000,0.6
491,1,100,1.0
492,1,1000,1.0
493,1,10,0.6
493,1,100,0.2
493,1,1000,0.2
494,3,100,1.0
495,2,1000,1.0
496,1,100,1.0
497,1,10,1.0
498,1,10,1.0
499,1,10,1.0
500,3,10,1.0
501,1,10,1.0
502,3,1000,1.0
503,2,1000,1.0
504,1,10,1.0
505,2,10,1.0
506,3,10,0.2
506,3,100,0.2
506,3,1000,0.6
507,3,10,0.2
507,3,100,0.2
507,3,1000,0.6
508,1,100,1.0
509,2,10,1.0
510,1,100,1.0
511,1,1000,1.0
512,1,10,1.0
513,1,10,1.0
514,1,10,1.0
515,2,100,1.0
516,2,100,1.0
517,1,10,1.0
518,3,100,1.0
519,1,10,1.0
520,3,1000,1.0
521,1,1000,1.0
522,3,10,1.0
523,3,10,0.2
523,3,100,0.2
523,3,1000,0.6
524,1,10,0.7499999999999999
524,2,10,0.15
524,3,10,0.10000000000000002
525,3,100,1.0
526,1,10,1.0
527,1,10,1.0
528,1,10,0.6
528,1,100,0.2
528,1,1000,0.2
529,3,1000,1.0
530,2,1000,1.0
531,2,100,1.0
532,1,10,1.0
533,1,100,1.0
534,2,100,1.0
535,1,10,0.6
535,1,100,0.2
535,1,1000,0.2
536,2,100,1.0
537,2,100,1.0
538,1,10,1.0
539,3,10,0.2
539,3,100,0.2
539,3,1000,0.6
540,1,1000,1.0
541,1,10,1.0
542,1,10,1.0
543,1,100,1.0
544,3,10,1.0
545,2,100,1.0
546,1,10,1.0
547,2,10,1.0
548,3,1000,1.0
549,1,10,1.0
550,1,10,1.0
551,2,100,1.0
552,2,100,1.0
553,1,10,0.7499999999999999
553,2,10,0.15
553,3,10,0.10000000000000002
554,1,10,0.6
554,1,100,0.2
554,1,1000,0.2
555,2,1000,1.0
556,3,1000,1.0
557,2,100,1.0
558,1,10,0.6
558,1,100,0.2
558,1,1000,0.2
559,3,100,1.0
560,1,10,0.6
560,1,100,0.2
560,1,1000,0.2
561,3,10,1.0
562,1,10,1.0
563,2,100,1.0
564,3,10,1.0
565,1,1000,1.0
566,1,10,1.0
567,1,10,0.7499999999999999
567,2,10,0.15
567,3,10,0.10000000000000002
568,3,10,1.0
569,1,10,1.0
570,2,100,1.0
571,1,100,1.0
572,1,100,1.0
573,2,10,1.0
574,3,1000,1.0
575,3,1000,1.0
576,1,10,1.0
577,2,10,1.0
578,2,100,1.0
579,3,10,1.0
580,1,10,1.0
581,2,10,1.0
582,2,100,1.0
583,1,1000,1.0
584,1,1000,1.0
585,2,100,1.0
586,1,10,0.6
586,1,100,0.2
586,1,1000,0.2
587,2,100,1.0
588,2,100,1.0
589,1,10,1.0
590,1,10,0.7499999999999999
590,2,10,0.15
590,3,10,0.10000000000000002
591,2,1000,1.0
592,3,10,1.0
593,1,10,0.7499999999999999
593,2,10,0.15
593,3,10,0.10000000000000002
594,1,1000,1.0
595,1,100,1.0
596,1,1000,1.0
597,1,10,1.0
598,2,100,1.0
599,1,10,0.7499999999999999
599,2,10,0.15
599,3,10,0.10000000000000002
600,1,1000,1.0
601,1,10,1.0
602,2,100,1.0
603,3,1000,1.0
604,3,100,1.0
605,2,100,1.0
606,2,100,1.0
607,2,100,1.0
608,2,100,1.0
609,1,10,1.0
610,1,10,1.0
611,2,100,1.0
612,2,1000,1.0
613,1,10,0.7499999999999999
613,2,10,0.15
613,3,10,0.10000000000000002
614,2,10,1.0
615,2,100,1.0
616,3,1000,1.0
617,1,100,1.0
618,2,100,1.0
619,2,100,1.0
620,1,100,1.0
621,3,1000,1.0
622,2,1000,1.0
623,1,10,1.0
624,3,1000,1.0
625,1,1000,1.0
626,1,10,0.7499999999999999
626,2,10,0.15
626,3,10,0.10000000000000002
627,3,1000,1.0
628,1,10,1.0
629,3,1000,1.0
630,3,1000,1.0
631,1,10,1.0
632,2,10,1.0
633,1,10,1.0
634,1,100,1.0
635,2,100,1.0
636,3,100,1.0
637,2,100,1.0
638,1,10,1.0
639,2,100,1.0
640,3,1000,1.0
641,3,100,1.0
642,1,10,1.0
643,1,100,1.0
644,1,1000,1.0
645,2,10,1.0
646,2,1000,1.0
647,3,10,1.0
648,2,100,1.0
649,1,10,1.0
650,1,1000,1.0
651,3,10,1.0
652,2,10,1.0
653,2,100,1.0
654,2,1000,1.0
655,1,10,1.0
656,2,100,1.0
657,1,100,1.0
658,2,100,1.0
659,1,1000,1.0
660,3,10,1.0
661,1,10,1.0
662,1,10,0.7499999999999999
662,2,10,0.15
662,3,10,0.10000000000000002
663,1,100,1.0
664,1,10,1.0
665,2,100,1.0
666,1,1000,1.0
667,1,10,1.0
668,1,1000,1.0
669,1,10,1.0
670,2,1000,1.0
671,3,1000,1.0
672,1,10,1.0
673,1,10,0.7499999999999999
673,2,10,0.15
673,3,10,0.10000000000000002
674,2,1000,1.0
675,1,10,0.6
675,1,100,0.2
675,1,1000,0.2
676,1,10,0.8823529411764706
676,1,100,0.0
676,1,1000,0.0
676,2,10,0.0
676,2,100,0.0
676,2,1000,0.0
676,3,10,0.11764705882352945
676,3,100,0.0
676,3,1000,0.0
677,1,10,0.7499999999999999
677,2,10,0.15
677,3,10,0.10000000000000002
678,2,100,1.0
679,1,1000,1.0
680,1,10,0.7499999999999999
680,2,10,0.15
680,3,10,0.10000000000000002
681,3,1000,1.0
682,1,10,0.6
682,1,100,0.2
682,1,1000,0.2
683,3,1000,1.0
684,2,100,1.0
685,2,100,1.0
686,2,100,1.0
687,3,100,1.0
688,1,1000,1.0
689,2,1000,1.0
690,2,1000,1.0
691,1,10,0.7499999999999999
691,2,10,0.15
691,3,10,0.10000000000000002
692,2,100,1.0
693,1,10,0.7499999999999999
693,2,10,0.15
693,3,10,0.10000000000000002
694,3,10,1.0
695,1,10,0.6
695,1,100,0.2
695,1,1000,0.2
696,1,1000,1.0
697,2,100,1.0
698,1,1000,1.0
699,2,100,1.0
700,1,10,1.0
701,1,1000,1.0
702,1,1000,1.0
703,2,1000,1.0
704,2,100,1.0
705,3,10,1.0
706,2,1000,1.0
707,1,10,1.0
708,1,100,1.0
709,2,100,1.0
710,1,10,1.0
711,1,100,1.0
712,2,100,1.0
713,2,10,1.0
714,1,10,1.0
715,1,10,1.0
716,1,10,1.0
717,1,10,1.0
718,2,100,1.0
719,1,100,1.0
720,2,10,1.0
721,3,1000,1.0
722,2,100,1.0
723,1,10,1.0
724,2,100,1.0
725,3,1000,1.0
726,1,10,1.0
727,2,100,1.0
728,2,100,1.0
729,2,10,1.0
730,1,10,1.0
731,1,100,1.0
732,3,1000,1.0
733,2,100,1.0
734,1,10,0.6
734,1,100,0.2
734,1,1000,0.2
735,1,10,1.0
736,1,10,0.6
736,1,100,0.2
736,1,1000,0.2
737,1,10,1.0
738,1,10,1.0
739,1,1000,1.0
740,2,100,1.0
741,1,100,1.0
742,1,10,1.0
743,1,1000,1.0
744,1,100,1.0
745,3,1000,1.0
746,3,1000,1.0
747,1,10,0.6
747,1,100,0.2
747,1,1000,0.2
748,2,1000,1.0
749,1,100,1.0
750,3,1000,1.0
751,2,100,1.0
752,3,1000,1.0
753,3,100,1.0
754,3,1000,1.0
755,1,1000,1.0
756,3,1000,1.0
757,3,1000,1.0
758,1,10,1.0
759,3,10,1.0
760,2,100,1.0
761,2,100,1.0
762,1,10,1.0
763,2,100,1.0
764,2,1000,1.0
765,1,10,1.0
766,2,100,1.0
767,1,10,1.0
768,2,100,1.0
769,2,100,1.0
770,1,100,1.0
771,3,100,1.0
772,1,10,1.0
773,1,100,1.0
774,1,1000,1.0
775,3,1000,1.0
776,1,1000,1.0
777,2,100,1.0
778,2,100,1.0
779,1,10,1.0
780,3,1000,1.0
781,1,10,1.0
782,1,100,1.0
783,3,1000,1.0
784,2,1000,1.0
785,3,100,1.0
786,1,10,1.0
787,1,10,1.0
788,1,10,1.0
789,1,10,1.0
790,1,100,1.0
791,1,100,1.0
792,1,1000,1.0
793,3,1000,1.0
794,1,10,1.0
795,1,1000,1.0
796,2,1000,1.0
797,1,100,1.0
798,2,1000,1.0
799,1,10,0.6
799,1,100,0.2
799,1,1000,0.2
800,1,10,0.7499999999999999
800,2,10,0.15
800,3,10,0.10000000000000002
801,2,100,1.0
802,2,100,1.0
803,3,100,1.0
804,2,100,1.0
805,2,10,1.0
806,3,1000,1.0
807,1,100,1.0
808,1,10,1.0
809,1,100,1.0
810,1,10,1.0
811,3,10,1.0
812,1,100,1.0
813,1,100,1.0
814,1,1000,1.0
815,3,1000,1.0
816,2,100,1.0
817,3,1000,1.0
818,2,100,1.0
819,1,10,1.0
820,1,10,0.6
820,1,100,0.2
820,1,1000,0.2
821,3,100,1.0
822,1,10,0.6
822,1,100,0.2
822,1,1000,0.2
823,3,1000,1.0
824,1,1000,1.0
825,3,10,0.2
825,3,100,0.2
825,3,1000,0.6
826,1,100,1.0
827,2,100,1.0
828,1,10,1.0
829,2,10,1.0
830,1,10,1.0
831,1,10,1.0
832,1,10,1.0
833,1,10,1.0
834,2,100,1.0
835,2,1000,1.0
836,1,1000,1.0
837,2,100,1.0
838,1,10,1.0
839,3,1000,1.0
840,1,10,1.0
841,3,1000,1.0
842,1,1000,1.0
843,2,100,1.0
844,1,1000,1.0
845,1,10,1.0
846,3,1000,1.0
847,1,100,1.0
848,1,100,1.0
849,1,10,1.0
850,1,10,0.7499999999999999
850,2,10,0.15
850,3,10,0.10000000000000002
851,2,100,1.0
852,2,100,1.0
853,3,100,1.0
854,1,10,1.0
855,1,100,1.0
856,1,10,1.0
857,1,10,1.0
858,1,100,1.0
859,3,10,0.2
859,3,100,0.2
859,3,1000,0.6
860,1,10,1.0
861,3,10,1.0
862,2,1000,1.0
863,3,10,0.2
863,3,100,0.2
863,3,1000,0.6
864,1,10,1.0
865,2,100,1.0
866,2,100,1.0
867,1,10,1.0
868,2,100,1.0
869,1,100,1.0
870,1,10,1.0
871,1,10,0.6
871,1,100,0.2
871,1,1000,0.2
872,3,10,0.2
872,3,100,0.2
872,3,1000,0.6
873,1,10,1.0
874,1,10,1.0
875,1,10,1.0
876,2,100,1.0
877,1,10,0.6
877,1,100,0.2
877,1,1000,0.2
878,2,1000,1.0
879,1,1000,1.0
880,1,10,1.0
881,2,100,1.0
882,2,100,1.0
883,2,100,1.0
884,2,10,1.0
885,1,10,1.0
886,2,1000,1.0
887,1,1000,1.0
888,1,10,1.0
889,1,10,1.0
890,1,10,1.0
891,1,10,1.0
892,2,100,1.0
893,3,1000,1.0
894,1,100,1.0
895,1,10,1.0
896,1,10,0.7499999999999999
896,2,10,0.15
896,3,10,0.10000000000000002
897,1,1000,1.0
898,1,10,0.7499999999999999
898,2,10,0.15
898,3,10,0.10000000000000002
899,1,10,1.0
900,1,1000,1.0
901,1,1000,1.0
902,1,10,1.0
903,1,10,1.0
904,1,100,1.0
905,1,10,1.0
906,1,1000,1.0
907,2,100,1.0
908,1,10,0.6
908,1,100,0.2
908,1,1000,0.2
909,1,10,0.6
909,1,100,0.2
909,1,1000,0.2
910,2,10,1.0
911,3,1000,1.0
912,1,10,1.0
913,2,100,1.0
914,1,10,1.0
915,1,10,1.0
916,3,100,1.0
917,1,10,1.0
918,1,1000,1.0
919,2,100,1.0
920,3,1000,1.0
921,2,100,1.0
922,1,10,1.0
923,2,10,1.0
924,1,10,1.0
925,2,100,1.0
926,3,1000,1.0
927,2,100,1.0
928,2,100,1.0
929,1,10,1.0
930,2,100,1.0
931,1,1000,1.0
932,1,100,1.0
933,1,1000,1.0
934,2,1000,1.0
935,1,10,1.0
936,2,100,1.0
937,3,100,1.0
938,2,10,1.0
939,1,10,0.8823529411764706
939,1,100,0.0
939,1,1000,0.0
939,2,10,0.0
939,2,100,0.0
939,2,1000,0.0
939,3,10,0.11764705882352944
939,3,100,0.0
939,3,1000,0.0
940,1,1000,1.0
941,1,10,1.0
942,1,10,1.0
943,1,10,0.6
943,1,100,0.2
943,1,1000,0.2
944,2,100,1.0
945,2,1000,1.0
946,2,100,1.0
947,3,1000,1.0
948,1,100,1.0
949,2,100,1.0
950,1,10,0.7499999999999999
950,2,10,0.15
950,3,10,0.10000000000000002
951,3,1000,1.0
952,1,10,1.0
953,1,10,0.6
953,1,100,0.2
953,1,1000,0.2
954,1,10,1.0
955,3,10,1.0
956,2,10,1.0
957,1,10,1.0
958,2,100,1.0
959,3,1000,1.0
960,2,100,1.0
961,2,1000,1.0
962,2,100,1.0
963,2,100,1.0
964,2,100,1.0
965,1,100,1.0
966,2,100,1.0
967,3,1000,1.0
968,2,100,1.0
969,3,1000,1.0
970,2,1000,1.0
971,1,10,0.6
971,1,100,0.2
971,1,1000,0.2
972,2,100,1.0
973,1,10,1.0
974,2,100,1.0
975,1,10,1.0
976,1,10,1.0
977,2,1000,1.0
978,2,100,1.0
979,1,100,1.0
980,2,100,1.0
981,1,1000,1.0
982,1,10,1.0
983,1,10,0.7499999999999999
983,2,10,0.15
983,3,10,0.10000000000000002
984,1,1000,1.0
985,3,10,1.0
986,1,10,1.0
987,1,100,1.0
988,2,100,1.0
989,3,1000,1.0
990,2,100,1.0
991,1,1000,1.0
992,1,1000,1.0
993,1,10,1.0
994,2,1000,1.0
995,2,1000,1.0
996,1,10,0.6
996,1,100,0.2
996,1,1000,0.2
997,1,10,1.0
998,3,1000,1.0
999,3,10,0.2
999,3,100,0.2
999,3,1000,0.6
1000,3,1000,1.0
1001,1,1000,1.0
1002,2,100,1.0
1003,1,100,1.0
1004,1,10,0.6
1004,1,100,0.2
1004,1,1000,0.2
1005,1,10,0.7499999999999999
1005,2,10,0.15
1005,3,10,0.10000000000000002
1006,3,1000,1.0
1007,2,10,1.0
1008,2,100,1.0
1009,1,10,1.0
1010,2,1000,1.0
1011,1,10,1.0
1012,1,10,1.0
1013,1,100,1.0
1014,1,10,1.0
1015,2,100,1.0
1016,1,10,1.0
1017,1,1000,1.0
1018,1,10,1.0
1019,1,100,1.0
1020,1,1000,1.0
1021,1,10,1.0
1022,1,10,0.6
1022,1,100,0.2
1022,1,1000,0.2
1023,1,10,1.0
1024,1,10,1.0
1025,2,1000,1.0
1026,1,1000,1.0
1027,2,100,1.0
1028,1,100,1.0
1029,2,10,1.0
1030,1,1000,1.0
1031,1,10,1.0
1032,2,100,1.0
1033,2,1000,1.0
1034,3,100,1.0
1035,3,1000,1.0
1036,1,10,1.0
1037,3,10,1.0
1038,1,10,1.0
1039,2,100,1.0
1040,1,10,1.0
1041,2,100,1.0
1042,1,10,1.0
1043,1,10,1.0
1044,3,10,1.0
1045,2,100,1.0
1046,3,1000,1.0
1047,1,10,1.0
1048,1,10,1.0
1049,2,100,1.0
1050,2,100,1.0
1051,1,10,1.0
1052,2,100,1.0
1053,1,1000,1.0
1054,3,1000,1.0
1055,1,10,1.0
1056,1,10,1.0
1057,1,10,1.0
1058,1,1000,1.0
1059,2,100,1.0
1060,2,1000,1.0
1061,1,10,1.0
1062,2,100,1.0
1063,3,10,1.0
1064,1,10,1.0
1065,2,100,1.0
1066,1,100,1.0
1067,1,10,0.6
1067,1,100,0.2
1067,1,1000,0.2
1068,1,10,1.0
1069,2,100,1.0
1070,3,10,1.0
1071,3,1000,1.0
1072,2,10,1.0
1073,2,1000,1.0
1074,1,1000,1.0
1075,1,1000,1.0
1076,3,100,1.0
1077,1,100,1.0
1078,1,1000,1.0
1079,3,1000,1.0
1080,2,100,1.0
1081,1,10,0.8823529411764706
1081,1,100,0.0
1081,1,1000,0.0
1081,2,10,0.0
1081,2,100,0.0
1081,2,1000,0.0
1081,3,10,0.11764705882352945
1081,3,100,0.0
1081,3,1000,0.0
1082,1,10,0.6
1082,1,100,0.2
1082,1,1000,0.2
1083,2,100,1.0
1084,3,100,1.0
1085,1,10,1.0
1086,1,1000,1.0
1087,1,1000,1.0
1088,3,1000,1.0
1089,2,100,1.0
1090,3,1000,1.0
1091,1,10,0.6
1091,1,100,0.2
1091,1,1000,0.2
1092,2,1000,1.0
1093,3,100,1.0
1094,1,10,0.6
1094,1,100,0.2
1094,1,1000,0.2
1095,3,1000,1.0
1096,3,1000,1.0
1097,1,1000,1.0
1098,2,10,1.0
1099,3,1000,1.0
1100,2,1000,1.0
1101,2,10,1.0
1102,2,10,1.0
1103,1,10,1.0
1104,2,100,1.0
1105,3,100,1.0
1106,1,10,1.0
1107,2,1000,1.0
1108,3,10,1.0
1109,1,1000,1.0
1110,2,100,1.0
1111,1,100,1.0
1112,1,10,0.7499999999999999
1112,2,10,0.15
1112,3,10,0.10000000000000002
1113,3,1000,1.0
1114,2,100,1.0
1115,1,10,1.0
1116,2,100,1.0
1117,2,100,1.0
1118,2,100,1.0
1119,1,10,1.0
1120,1,10,1.0
1121,1,10,1.0
1122,2,1000,1.0
1123,1,10,1.0
1124,1,10,1.0
1125,1,100,1.0
1126,2,100,1.0
1127,2,100,1.0
1128,2,100,1.0
1129,1,1000,1.0
1130,1,10,1.0
1131,1,10,0.6
1131,1,100,0.2
1131,1,1000,0.2
1132,1,10,1.0
1133,2,10,1.0
1134,3,10,1.0
1135,2,100,1.0
1136,3,1000,1.0
1137,1,100,1.0
1138,1,10,0.7499999999999999
1138,2,10,0.15
1138,3,10,0.10000000000000002
1139,3,10,1.0
1140,1,10,0.7499999999999999
1140,2,10,0.15
1140,3,10,0.10000000000000002
1141,1,1000,1.0
1142,3,100,1.0
1143,1,1000,1.0
1144,1,100,1.0
1145,1,1000,1.0
1146,2,100,1.0
1147,1,10,1.0
1148,3,1000,1.0
1149,1,100,1.0
1150,2,1000,1.0
1151,1,10,1.0
1152,2,100,1.0
1153,1,10,1.0
1154,3,10,1.0
1155,1,10,1.0
1156,3,100,1.0
1157,1,10,1.0
1158,1,10,0.7499999999999999
1158,2,10,0.15
1158,3,10,0.10000000000000002
1159,1,10,0.6
1159,1,100,0.2
1159,1,1000,0.2
1160,1,10,0.6
1160,1,100,0.2
1160,1,1000,0.2
1161,2,10,1.0
1162,3,10,1.0
1163,3,10,1.0
1164,1,1000,1.0
1165,2,100,1.0
1166,1,100,1.0
1167,3,100,1.0
1168,3,1000,1.0
1169,1,1000,1.0
1170,1,1000,1.0
1171,2,100,1.0
1172,1,1000,1.0
1173,2,100,1.0
1174,1,10,1.0
1175,2,100,1.0
1176,1,10,1.0
1177,1,10,1.0
1178,1,10,0.6
1178,1,100,0.2
1178,1,1000,0.2
1179,1,1000,1.0
1180,3,1000,1.0
1181,1,10,0.7499999999999999
1181,2,10,0.15
1181,3,10,0.10000000000000002
1182,3,1000,1.0
1183,1,10,1.0
1184,3,10,1.0
1185,1,1000,1.0
1186,2,100,1.0
1187,3,10,1.0
1188,1,10,1.0
1189,1,10,0.6
1189,1,100,0.2
1189,1,1000,0.2
1190,2,1000,1.0
1191,1,10,1.0
1192,1,10,1.0
1193,2,100,1.0
1194,2,10,1.0
1195,1,1000,1.0
1196,2,100,1.0
1197,1,1000,1.0
1198,1,10,1.0
1199,1,10,1.0
1200,2,1000,1.0
1201,1,10,1.0
1202,2,1000,1.0
1203,3,1000,1.0
1204,2,10,1.0
1205,2,100,1.0
1206,1,1000,1.0
1207,2,100,1.0
1208,2,10,1.0
1209,1,10,1.0
1210,3,1000,1.0
1211,1,10,1.0
1212,3,1000,1.0
1213,1,100,1.0
1214,1,10,1.0
1215,1,10,1.0
1216,3,1000,1.0
1217,2,100,1.0
1218,1,10,1.0
1219,1,1000,1.0
1220,3,10,1.0
1221,1,100,1.0
1222,1,100,1.0
1223,2,100,1.0
1224,2,10,1.0
1225,3,100,1.0
1226,1,10,1.0
1227,2,100,1.0
1228,2,100,1.0
1229,1,10,1.0
1230,1,10,0.6
1230,1,100,0.2
1230,1,1000,0.2
1231,1,10,1.0
1232,2,100,1.0
1233,1,10,1.0
1234,3,100,1.0
1235,1,1000,1.0
1236,1,10,0.6
1236,1,100,0.2
1236,1,1000,0.2
1237,1,10,1.0
1238,3,1000,1.0
1239,1,10,1.0
1240,1,10,1.0
1241,1,10,1.0
1242,2,100,1.0
1243,1,1000,1.0
1244,1,10,1.0
1245,2,1000,1.0
1246,1,10,1.0
1247,1,10,1.0
1248,1,10,0.6
1248,1,100,0.2
1248,1,1000,0.2
1249,1,100,1.0
1250,3,1000,1.0
1251,2,100,1.0
1252,2,100,1.0
1253,1,10,0.6
1253,1,100,0.2
1253,1,1000,0.2
1254,1,10,1.0
1255,1,100,1.0
1256,2,100,1.0
1257,3,1000,1.0
1258,1,1000,1.0
1259,2,100,1.0
1260,1,10,1.0
1261,1,1000,1.0
1262,2,100,1.0
1263,1,1000,1.0
1264,1,100,1.0
1265,1,1000,1.0
1266,1,100,1.0
1267,1,100,1.0
1268,2,1000,1.0
1269,1,10,1.0
1270,1,100,1.0
1271,3,100,1.0
1272,1,10,1.0
1273,2,100,1.0
1274,2,100,1.0
1275,1,10,0.7499999999999999
1275,2,10,0.15
1275,3,10,0.10000000000000002
1276,3,1000,1.0
1277,3,1000,1.0
1278,2,100,1.0
1279,3,1000,1.0
1280,1,1000,1.0
1281,1,100,1.0
1282,1,10,0.6
1282,1,100,0.2
1282,1,1000,0.2
1283,1,1000,1.0
1284,2,100,1.0
1285,3,1000,1.0
1286,1,1000,1.0
1287,1,10,1.0
1288,3,100,1.0
1289,2,100,1.0
1290,1,10,1.0
1291,1,100,1.0
1292,1,10,1.0
1293,1,10,0.6
1293,1,100,0.2
1293,1,1000,0.2
1294,3,1000,1.0
1295,1,10,1.0
1296,2,1000,1.0
1297,1,10,1.0
1298,2,100,1.0
1299,1,10,1.0
1300,2,100,1.0
1301,2,10,1.0
1302,1,10,1.0
1303,1,10,1.0
1304,1,10,1.0
1305,1,1000,1.0
1306,1,10,1.0
1307,1,10,1.0
1308,3,1000,1.0
1309,1,100,1.0
1310,1,10,1.0
1311,2,10,1.0
1312,2,100,1.0
1313,1,1000,1.0
1314,1,100,1.0
1315,1,10,1.0
1316,1,100,1.0
1317,1,10,1.0
1318,2,10,1.0
1319,1,10,1.0
1320,3,1000,1.0
1321,2,100,1.0
1322,1,10,1.0
1323,3,10,1.0
1324,1,10,1.0
1325,1,10,1.0
1326,1,10,1.0
1327,1,1000,1.0
1328,3,10,1.0
1329,1,1000,1.0
1330,2,100,1.0
1331,2,1000,1.0
1332,1,100,1.0
1333,2,100,1.0
1334,1,10,1.0
1335,2,100,1.0
1336,2,1000,1.0
1337,1,10,1.0
1338,1,10,1.0
1339,2,100,1.0
1340,2,100,1.0
1341,2,100,1.0
1342,1,10,1.0
1343,1,100,1.0
1344,1,10,1.0
1345,3,1000,1.0
1346,1,10,1.0
1347,2,100,1.0
1348,1,10,1.0
1349,1,10,0.8823529411764706
1349,1,100,0.0
1349,1,1000,0.0
1349,2,10,0.0
1349,2,100,0.0
1349,2,1000,0.0
1349,3,10,0.11764705882352945
1349,3,100,0.0
1349,3,1000,0.0
1350,1,10,1.0
1351,3,10,1.0
1352,2,1000,1.0
1353,3,1000,1.0
1354,2,100,1.0
1355,1,100,1.0
1356,1,10,1.0
1357,2,100,1.0
1358,3,10,1.0
1359,1,10,1.0
1360,3,1000,1.0
1361,2,100,1.0
1362,1,10,1.0
1363,1,10,1.0
1364,2,100,1.0
1365,2,10,1.0
1366,1,1000,1.0
1367,2,10,1.0
1368,1,10,0.7499999999999999
1368,2,10,0.15
1368,3,10,0.10000000000000002
1369,2,10,1.0
1370,2,100,1.0
1371,1,1000,1.0
1372,2,10,1.0
1373,1,10,1.0
1374,2,100,1.0
1375,1,100,1.0
1376,3,10,1.0
1377,2,1000,1.0
1378,1,1000,1.0
1379,2,100,1.0
1380,1,10,1.0
1381,1,10,1.0
1382,2,100,1.0
1383,1,10,1.0
1384,3,1000,1.0
1385,3,1000,1.0
1386,3,100,1.0
1387,3,100,1.0
1388,1,10,1.0
1389,1,100,1.0
1390,1,10,1.0
1391,2,100,1.0
1392,1,10,1.0
1393,1,10,1.0
1394,1,10,1.0
1395,1,10,0.6
1395,1,100,0.2
1395,1,1000,0.2
1396,1,10,0.7499999999999999
1396,2,10,0.15
1396,3,10,0.10000000000000002
1397,2,10,1.0
1398,1,10,0.6
1398,1,100,0.2
1398,1,1000,0.2
1399,3,100,1.0
1400,3,10,1.0
1401,1,10,1.0
1402,1,100,1.0
1403,1,10,1.0
1404,1,10,1.0
1405,3,1000,1.0
1406,2,100,1.0
1407,3,100,1.0
1408,1,100,1.0
1409,2,10,1.0
1410,3,1000,1.0
1411,2,100,1.0
1412,1,10,0.7499999999999999
1412,2,10,0.15
1412,3,10,0.10000000000000002
1413,1,10,1.0
1414,1,10,1.0
1415,3,1000,1.0
1416,1,10,1.0
1417,2,100,1.0
1418,1,100,1.0
1419,1,10,1.0
1420,2,1000,1.0
1421,1,1000,1.0
1422,1,10,1.0
1423,1,1000,1.0
1424,1,100,1.0
1425,3,10,1.0
1426,1,10,1.0
1427,2,100,1.0
1428,1,10,0.7499999999999999
1428,2,10,0.15
1428,3,10,0.10000000000000002
1429,1,100,1.0
1430,2,100,1.0
1431,2,100,1.0
1432,1,10,0.6
1432,1,100,0.2
1432,1,1000,0.2
1433,2,1000,1.0
1434,2,1000,1.0
1435,1,100,1.0
1436,2,1000,1.0
1437,2,1000,1.0
1438,2,10,1.0
1439,1,10,0.6
1439,1,100,0.2
1439,1,1000,0.2
1440,2,100,1.0
1441,1,100,1.0
1442,2,100,1.0
1443,1,10,1.0
1444,2,10,1.0
1445,1,100,1.0
1446,3,1000,1.0
1447,1,100,1.0
1448,2,1000,1.0
1449,1,10,1.0
1450,3,10,1.0
1451,1,10,1.0
1452,3,1000,1.0
1453,1,100,1.0
1454,2,1000,1.0
1455,1,10,0.6
1455,1,100,0.2
1455,1,1000,0.2
1456,2,100,1.0
1457,1,100,1.0
1458,2,100,1.0
1459,1,10,1.0
1460,2,100,1.0
1461,1,1000,1.0
1462,2,10,1.0
1463,2,100,1.0
1464,3,1000,1.0
1465,3,100,1.0
1466,3,1000,1.0
1467,2,10,1.0
1468,2,100,1.0
1469,3,10,1.0
1470,1,10,1.0
1471,1,100,1.0
1472,1,100,1.0
1473,2,100,1.0
1474,1,100,1.0
1475,1,1000,1.0
1476,2,1000,1.0
1477,3,1000,1.0
1478,3,10,0.2
1478,3,100,0.2
1478,3,1000,0.6
1479,1,100,1.0
1480,2,10,1.0
1481,3,1000,1.0
1482,1,1000,1.0
1483,2,100,1.0
1484,2,1000,1.0
1485,1,10,0.7499999999999999
1485,2,10,0.15
1485,3,10,0.10000000000000002
1486,2,10,1.0
1487,2,10,1.0
1488,2,1000,1.0
1489,3,1000,1.0
1490,1,100,1.0
1491,2,10,1.0
1492,2,100,1.0
1493,3,1000,1.0
1494,1,10,1.0
1495,2,10,1.0
1496,2,100,1.0
1497,1,10,1.0
1498,1,10,1.0
1499,1,10,0.6
1499,1,100,0.2
1499,1,1000,0.2
1500,1,1000,1.0
1501,3,10,1.0
1502,1,10,1.0
1503,1,10,1.0
1504,1,10,0.7499999999999999
1504,2,10,0.15
1504,3,10,0.10000000000000002
1505,1,100,1.0
1506,1,10,1.0
1507,1,100,1.0
1508,1,10,0.6
1508,1,100,0.2
1508,1,1000,0.2
1509,1,10,1.0
1510,1,10,0.6
1510,1,100,0.2
1510,1,1000,0.2
1511,2,1000,1.0
1512,2,100,1.0
1513,1,10,1.0
1514,1,10,1.0
1515,1,10,1.0
1516,2,100,1.0
1517,1,1000,1.0
1518,1,10,1.0
1519,1,10,0.7499999999999999
1519,2,10,0.15
1519,3,10,0.10000000000000002
1520,1,10,1.0
1521,1,10,1.0
1522,1,1000,1.0
1523,3,1000,1.0
1524,1,10,1.0
1525,2,1000,1.0
1526,2,1000,1.0
1527,2,100,1.0
1528,3,1000,1.0
1529,3,1000,1.0
1530,1,10,1.0
1531,1,100,1.0
1532,3,10,1.0
1533,1,1000,1.0
1534,1,100,1.0
1535,2,100,1.0
1536,3,100,1.0
1537,2,1000,1.0
1538,1,10,0.6
1538,1,100,0.2
1538,1,1000,0.2
1539,1,10,0.7499999999999999
1539,2,10,0.15
1539,3,10,0.10000000000000002
1540,1,100,1.0
1541,2,1000,1.0
1542,1,10,1.0
1543,3,1000,1.0
1544,2,100,1.0
1545,3,100,1.0
1546,2,1000,1.0
1547,1,10,1.0
1548,2,100,1.0
1549,1,10,1.0
1550,1,10,1.0
1551,1,1000,1.0
1552,1,10,1.0
1553,1,10,1.0
1554,1,10,0.6
1554,1,100,0.2
1554,1,1000,0.2
1555,1,100,1.0
1556,1,10,1.0
1557,3,1000,1.0
1558,1,10,0.7499999999999999
1558,2,10,0.15
1558,3,10,0.10000000000000002
1559,1,10,0.6
1559,1,100,0.2
1559,1,1000,0.2
1560,3,10,1.0
1561,1,1000,1.0
1562,1,10,0.7499999999999999
1562,2,10,0.15
1562,3,10,0.10000000000000002
1563,1,10,0.7499999999999999
1563,2,10,0.15
1563,3,10,0.10000000000000002
1564,1,10,1.0
1565,1,10,1.0
1566,3,1000,1.0
1567,2,1000,1.0
1568,1,10,1.0
1569,1,10,0.7499999999999999
1569,2,10,0.15
1569,3,10,0.10000000000000002
1570,3,1000,1.0
1571,2,100,1.0
1572,1,1000,1.0
1573,3,1000,1.0
1574,1,100,1.0
1575,2,10,1.0
1576,2,1000,1.0
1577,1,10,0.7499999999999999
1577,2,10,0.15
1577,3,10,0.10000000000000002
1578,1,1000,1.0
1579,2,10,1.0
1580,1,10,1.0
1581,1,1000,1.0
1582,1,10,0.6
1582,1,100,0.2
1582,1,1000,0.2
1583,2,1000,1.0
1584,1,10,1.0
1585,1,10,1.0
1586,2,10,1.0
1587,1,100,1.0
1588,1,10,1.0
1589,1,10,1.0
1590,1,10,0.6
1590,1,100,0.2
1590,1,1000,0.2
1591,3,10,1.0
1592,1,10,1.0
1593,1,10,1.0
1594,1,10,1.0
1595,1,100,1.0
1596,3,1000,1.0
1597,1,100,1.0
1598,1,1000,1.0
1599,1,10,1.0
1600,3,1000,1.0
1601,1,10,1.0
1602,1,10,0.6
1602,1,100,0.2
1602,1,1000,0.2
1603,1,10,1.0
1604,3,1000,1.0
1605,1,10,1.0
1606,1,10,1.0
1607,1,10,1.0
1608,2,100,1.0
1609,1,100,1.0
1610,1,10,1.0
1611,2,10,1.0
1612,1,1000,1.0
1613,2,100,1.0
1614,1,10,0.6
1614,1,100,0.2
1614,1,1000,0.2
1615,3,1000,1.0
1616,1,1000,1.0
1617,2,100,1.0
1618,2,100,1.0
1619,1,100,1.0
1620,1,10,0.7499999999999999
1620,2,10,0.15
1620,3,10,0.10000000000000002
1621,2,100,1.0
1622,3,1000,1.0
1623,2,100,1.0
1624,2,100,1.0
1625,1,10,1.0
1626,2,100,1.0
1627,2,1000,1.0
1628,1,1000,1.0
1629,1,10,1.0
1630,2,10,1.0
1631,1,10,0.7499999999999999
1631,2,10,0.15
1631,3,10,0.10000000000000002
1632,3,1000,1.0
1633,1,10,0.7499999999999999
1633,2,10,0.15
1633,3,10,0.10000000000000002
1634,3,1000,1.0
1635,1,100,1.0
1636,2,1000,1.0
1637,2,100,1.0
1638,2,1000,1.0
1639,2,1000,1.0
1640,1,10,1.0
1641,2,1000,1.0
1642,2,100,1.0
1643,2,100,1.0
1644,1,1000,1.0
1645,1,10,1.0
1646,2,100,1.0
1647,1,100,1.0
1648,3,1000,1.0
1649,2,10,1.0
1650,2,10,1.0
1651,3,1000,1.0
1652,1,10,1.0
1653,2,1000,1.0
1654,1,10,1.0
1655,3,1000,1.0
1656,3,100,1.0
1657,2,100,1.0
1658,2,10,1.0
1659,1,100,1.0
1660,1,10,1.0
1661,1,10,1.0
1662,2,100,1.0
1663,3,1000,1.0
1664,2,10,1.0
1665,3,1000,1.0
1666,2,100,1.0
1667,2,1000,1.0
1668,2,100,1.0
1669,1,100,1.0
1670,3,1000,1.0
1671,1,100,1.0
1672,1,10,1.0
1673,2,100,1.0
1674,3,1000,1.0
1675,2,100,1.0
1676,1,100,1.0
1677,2,100,1.0
1678,1,10,1.0
1679,3,1000,1.0
1680,1,10,1.0
1681,1,10,1.0
1682,3,1000,1.0
1683,2,100,1.0
1684,3,10,1.0
1685,1,100,1.0
1686,1,10,1.0
1687,3,100,1.0
1688,1,10,1.0
1689,3,1000,1.0
1690,3,1000,1.0
1691,2,100,1.0
1692,1,100,1.0
1693,1,10,1.0
1694,1,10,1.0
1695,2,100,1.0
1696,1,1000,1.0
1697,3,10,1.0
1698,1,1000,1.0
1699,1,100,1.0
1700,1,10,1.0
1701,1,10,0.7499999999999999
1701,2,10,0.15
1701,3,10,0.10000000000000002
1702,2,100,1.0
1703,1,100,1.0
1704,1,1000,1.0
1705,1,10,0.8823529411764706
1705,1,100,0.0
1705,1,1000,0.0
1705,2,10,0.0
1705,2,100,0.0
1705,2,1000,0.0
1705,3,10,0.11764705882352944
1705,3,100,0.0
1705,3,1000,0.0
1706,1,10,1.0
1707,3,10,1.0
1708,3,10,0.2
1708,3,100,0.2
1708,3,1000,0.6
1709,1,10,1.0
1710,1,1000,1.0
1711,1,10,1.0
1712,2,100,1.0
1713,2,100,1.0
1714,2,100,1.0
1715,1,10,1.0
1716,1,10,1.0
1717,2,10,1.0
1718,3,1000,1.0
1719,1,1000,1.0
1720,1,1000,1.0
1721,3,1000,1.0
1722,1,1000,1.0
1723,2,100,1.0
1724,1,10,0.7499999999999999
1724,2,10,0.15
1724,3,10,0.10000000000000002
1725,2,100,1.0
1726,1,1000,1.0
1727,3,1000,1.0
1728,1,10,1.0
1729,2,10,1.0
1730,1,1000,1.0
1731,1,10,1.0
1732,1,1000,1.0
1733,2,1000,1.0
1734,1,10,1.0
1735,1,10,1.0
1736,1,100,1.0
1737,2,1000,1.0
1738,1,10,1.0
1739,2,1000,1.0
1740,1,10,1.0
1741,1,100,1.0
1742,2,100,1.0
1743,3,1000,1.0
1744,1,10,1.0
1745,1,10,1.0
1746,2,100,1.0
1747,3,1000,1.0
1748,1,100,1.0
1749,1,10,1.0
1750,1,1000,1.0
1751,1,100,1.0
1752,3,1000,1.0
1753,1,1000,1.0
1754,3,1000,1.0
1755,1,10,1.0
1756,2,10,1.0
1757,1,1000,1.0
1758,1,1000,1.0
1759,3,10,0.2
1759,3,100,0.2
1759,3,1000,0.6
1760,1,10,1.0
1761,1,10,1.0
1762,3,1000,1.0
1763,1,10,1.0
1764,2,100,1.0
1765,2,100,1.0
1766,3,1000,1.0
1767,3,100,1.0
1768,1,10,1.0
1769,1,1000,1.0
1770,1,1000,1.0
1771,1,10,1.0
1772,1,10,1.0
1773,1,10,0.6
1773,1,100,0.2
1773,1,1000,0.2
1774,1,10,1.0
1775,3,100,1.0
1776,1,100,1.0
1777,1,1000,1.0
1778,1,10,1.0
1779,2,1000,1.0
1780,1,10,0.7499999999999999
1780,2,10,0.15
1780,3,10,0.10000000000000002
1781,2,100,1.0
1782,1,10,1.0
1783,1,1000,1.0
1784,1,10,1.0
1785,2,10,1.0
1786,2,100,1.0
1787,1,1000,1.0
1788,1,10,1.0
1789,1,100,1.0
1790,1,1000,1.0
1791,1,10,0.6
1791,1,100,0.2
1791,1,1000,0.2
1792,2,100,1.0
1793,1,1000,1.0
1794,1,1000,1.0
1795,1,10,1.0
1796,2,100,1.0
1797,1,1000,1.0
1798,1,10,1.0
1799,2,100,1.0
1800,1,10,1.0
1801,3,1000,1.0
1802,1,10,1.0
1803,3,100,1.0
1804,2,1000,1.0
1805,2,1000,1.0
1806,2,100,1.0
1807,2,100,1.0
1808,3,10,1.0
1809,1,10,1.0
1810,2,10,1.0
1811,1,10,1.0
1812,1,10,1.0
1813,1,10,1.0
1814,1,10,0.6
1814,1,100,0.2
1814,1,1000,0.2
1815,3,1000,1.0
1816,1,10,1.0
1817,2,100,1.0
1818,3,1000,1.0
1819,2,10,1.0
1820,3,10,1.0
1821,1,1000,1.0
1822,1,1000,1.0
1823,2,100,1.0
1824,1,10,1.0
1825,2,1000,1.0
1826,1,100,1.0
1827,2,10,1.0
1828,1,10,1.0
1829,2,10,1.0
1830,2,100,1.0
1831,3,1000,1.0
1832,2,100,1.0
1833,2,1000,1.0
1834,1,10,1.0
1835,1,100,1.0
1836,1,10,1.0
1837,1,10,0.6
1837,1,100,0.2
1837,1,1000,0.2
1838,1,10,1.0
1839,1,10,1.0
1840,3,1000,1.0
1841,1,1000,1.0
1842,1,10,1.0
1843,3,1000,1.0
1844,1,100,1.0
1845,1,10,1.0
1846,1,1000,1.0
1847,1,1000,1.0
1848,1,10,1.0
1849,3,100,1.0
1850,1,100,1.0
1851,1,10,1.0
1852,3,1000,1.0
1853,2,1000,1.0
1854,1,1000,1.0
1855,2,10,1.0
1856,2,10,1.0
1857,2,100,1.0
1858,1,10,1.0
1859,2,1000,1.0
1860,2,100,1.0
1861,2,100,1.0
1862,2,100,1.0
1863,1,100,1.0
1864,1,1000,1.0
1865,2,100,1.0
1866,1,10,1.0
1867,3,1000,1.0
1868,1,100,1.0
1869,3,1000,1.0
1870,1,10,1.0
1871,1,1000,1.0
1872,3,1000,1.0
1873,1,100,1.0
1874,3,10,1.0
1875,1,10,1.0
1876,3,1000,1.0
1877,2,10,1.0
1878,1,10,0.7499999999999999
1878,2,10,0.15
1878,3,10,0.10000000000000002
1879,2,10,1.0
1880,1,10,1.0
1881,1,10,1.0
1882,3,10,0.2
1882,3,100,0.2
1882,3,1000,0.6
1883,2,100,1.0
1884,1,1000,1.0
1885,1,10,1.0
1886,3,1000,1.0
1887,1,10,1.0
1888,2,1000,1.0
1889,3,1000,1.0
1890,2,100,1.0
1891,1,10,1.0
1892,2,100,1.0
1893,1,10,1.0
1894,1,1000,1.0
1895,1,10,1.0
1896,2,1000,1.0
1897,2,100,1.0
1898,2,100,1.0
1899,1,10,1.0
1900,1,10,1.0
1901,1,10,1.0
1902,3,100,1.0
1903,3,1000,1.0
1904,1,1000,1.0
1905,1,1000,1.0
1906,3,1000,1.0
1907,1,10,1.0
1908,1,10,0.6
1908,1,100,0.2
1908,1,1000,0.2
1909,1,100,1.0
1910,2,1000,1.0
1911,3,1000,1.0
1912,1,10,1.0
1913,2,100,1.0
1914,1,100,1.0
1915,1,10,0.6
1915,1,100,0.2
1915,1,1000,0.2
1916,1,10,1.0
1917,1,10,1.0
1918,3,1000,1.0
1919,1,10,0.6
1919,1,100,0.2
1919,1,1000,0.2
1920,1,1000,1.0
1921,2,1000,1.0
1922,3,1000,1.0
1923,1,100,1.0
1924,1,100,1.0
1925,1,10,0.6
1925,1,100,0.2
1925,1,1000,0.2
1926,1,10,0.7499999999999999
1926,2,10,0.15
1926,3,10,0.10000000000000002
1927,1,100,1.0
1928,3,100,1.0
1929,1,1000,1.0
1930,3,1000,1.0
1931,3,1000,1.0
1932,3,1000,1.0
1933,3,1000,1.0
1934,2,100,1.0
1935,2,100,1.0
1936,2,100,1.0
1937,2,100,1.0
1938,2,100,1.0
1939,2,10,1.0
1940,3,10,1.0
1941,2,100,1.0
1942,2,1000,1.0
1943,1,100,1.0
1944,3,1000,1.0
1945,1,10,1.0
1946,2,10,1.0
1947,1,100,1.0
1948,3,1000,1.0
1949,1,10,1.0
1950,2,100,1.0
1951,2,100,1.0
1952,1,100,1.0
1953,1,100,1.0
1954,2,100,1.0
1955,1,10,1.0
1956,2,1000,1.0
1957,1,10,1.0
1958,1,10,1.0
1959,1,10,1.0
1960,1,10,1.0
1961,2,100,1.0
1962,1,10,1.0
1963,1,10,1.0
1964,2,100,1.0
1965,1,10,1.0
1966,3,10,0.2
1966,3,100,0.2
1966,3,1000,0.6
1967,1,10,1.0
1968,1,1000,1.0
1969,3,1000,1.0
1970,2,100,1.0
1971,1,100,1.0
1972,2,10,1.0
1973,1,10,0.6
1973,1,100,0.2
1973,1,1000,0.2
1974,3,1000,1.0
1975,1,10,1.0
1976,2,1000,1.0
1977,1,1000,1.0
1978,1,10,1.0
1979,3,10,0.2
1979,3,100,0.2
1979,3,1000,0.6
1980,1,10,1.0
1981,2,10,1.0
1982,1,10,1.0
1983,1,10,1.0
1984,1,1000,1.0
1985,1,10,0.7499999999999999
1985,2,10,0.15
1985,3,10,0.10000000000000002
1986,2,10,1.0
1987,2,100,1.0
1988,3,100,1.0
1989,2,1000,1.0
1990,1,10,0.6
1990,1,100,0.2
1990,1,1000,0.2
1991,2,100,1.0
1992,2,1000,1.0
1993,3,1000,1.0
1994,1,10,1.0
1995,1,10,1.0
1996,1,1000,1.0
1997,1,10,0.6
1997,1,100,0.2
1997,1,1000,0.2
1998,2,100,1.0
1999,2,10,1.0
2000,2,100,1.0
2001,1,10,1.0
2002,1,100,1.0
2003,3,1000,1.0
2004,3,1000,1.0
2005,2,100,1.0
2006,2,100,1.0
2007,2,100,1.0
2008,1,1000,1.0
2009,1,10,0.7499999999999999
2009,2,10,0.15
2009,3,10,0.10000000000000002
2010,3,10,0.2
2010,3,100,0.2
2010,3,1000,0.6
2011,1,10,1.0
2012,2,100,1.0
2013,1,10,0.6
2013,1,100,0.2
2013,1,1000,0.2
2014,1,10,0.7499999999999999
2014,2,10,0.15
2014,3,10,0.10000000000000002
2015,2,100,1.0
2016,1,10,1.0
2017,1,10,1.0
2018,2,100,1.0
2019,2,100,1.0
2020,1,100,1.0
2021,1,100,1.0
2022,3,10,1.0
2023,2,1000,1.0
2024,1,10,0.6
2024,1,100,0.2
2024,1,1000,0.2
2025,2,100,1.0
2026,1,1000,1.0
2027,2,100,1.0
2028,1,10,1.0
2029,3,10,1.0
2030,3,10,1.0
2031,2,100,1.0
2032,1,10,1.0
2033,3,1000,1.0
2034,2,10,1.0
2035,2,100,1.0
2036,2,100,1.0
2037,1,10,1.0
2038,2,100,1.0
2039,1,10,0.7499999999999999
2039,2,10,0.15
2039,3,10,0.10000000000000002
2040,3,1000,1.0
2041,1,10,0.6
2041,1,100,0.2
2041,1,1000,0.2
2042,1,10,1.0
2043,3,1000,1.0
2044,1,100,1.0
2045,1,1000,1.0
2046,2,100,1.0
2047,3,1000,1.0
2048,3,100,1.0
2049,2,10,1.0
2050,2,10,1.0
2051,1,10,0.7499999999999999
2051,2,10,0.15
2051,3,10,0.10000000000000002
2052,1,10,0.6
2052,1,100,0.2
2052,1,1000,0.2
2053,1,10,0.7499999999999999
2053,2,10,0.15
2053,3,10,0.10000000000000002
2054,2,100,1.0
2055,2,100,1.0
2056,3,1000,1.0
2057,3,100,1.0
2058,1,10,0.7499999999999999
2058,2,10,0.15
2058,3,10,0.10000000000000002
2059,2,100,1.0
2060,3,100,1.0
2061,1,10,1.0
2062,2,10,1.0
2063,2,100,1.0
2064,1,1000,1.0
2065,2,100,1.0
2066,2,100,1.0
2067,1,10,1.0
2068,2,1000,1.0
2069,1,100,1.0
2070,1,10,0.6
2070,1,100,0.2
2070,1,1000,0.2
2071,3,10,0.2
2071,3,100,0.2
2071,3,1000,0.6
2072,1,10,1.0
2073,3,100,1.0
2074,1,10,1.0
2075,3,100,1.0
2076,2,1000,1.0
2077,2,100,1.0
2078,1,10,1.0
2079,3,1000,1.0
2080,2,100,1.0
2081,2,10,1.0
2082,1,10,1.0
2083,2,100,1.0
2084,2,1000,1.0
2085,3,10,1.0
2086,1,10,0.6
2086,1,100,0.2
2086,1,1000,0.2
2087,3,10,0.2
2087,3,100,0.2
2087,3,1000,0.6
2088,3,10,0.2
2088,3,100,0.2
2088,3,1000,0.6
2089,1,100,1.0
2090,3,1000,1.0
2091,1,10,1.0
2092,1,100,1.0
2093,2,1000,1.0
2094,2,10,1.0
2095,1,100,1.0
2096,1,10,0.6
2096,1,100,0.2
2096,1,1000,0.2
2097,1,10,0.6
2097,1,100,0.2
2097,1,1000,0.2
2098,3,1000,1.0
2099,1,100,1.0
2100,3,1000,1.0
2101,1,100,1.0
2102,1,10,0.6
2102,1,100,0.2
2102,1,1000,0.2
2103,1,1000,1.0
2104,1,100,1.0
2105,1,10,1.0
2106,1,10,1.0
2107,1,1000,1.0
2108,1,10,1.0
2109,2,10,1.0
2110,1,100,1.0
2111,1,100,1.0
2112,1,10,1.0
2113,1,100,1.0
2114,2,10,1.0
2115,1,10,1.0
2116,1,1000,1.0
2117,1,100,1.0
2118,2,100,1.0
2119,3,1000,1.0
2120,1,10,1.0
2121,2,1000,1.0
2122,3,10,0.2
2122,3,100,0.2
2122,3,1000,0.6
2123,1,100,1.0
2124,1,100,1.0
2125,1,10,1.0
2126,1,10,0.6
2126,1,100,0.2
2126,1,1000,0.2
2127,1,10,0.6
2127,1,100,0.2
2127,1,1000,0.2
2128,3,1000,1.0
2129,1,10,1.0
2130,1,100,1.0
2131,1,10,1.0
2132,2,10,1.0
2133,3,10,0.2
2133,3,100,0.2
2133,3,1000,0.6
2134,1,100,1.0
2135,1,10,1.0
2136,1,10,1.0
2137,3,10,1.0
2138,1,1000,1.0
2139,2,100,1.0
2140,2,100,1.0
2141,1,1000,1.0
2142,1,10,1.0
2143,1,10,1.0
2144,1,10,1.0
2145,1,10,1.0
2146,2,1000,1.0
2147,1,10,1.0
2148,1,10,1.0
2149,2,10,1.0
2150,1,10,1.0
2151,1,10,0.6
2151,1,100,0.2
2151,1,1000,0.2
2152,2,100,1.0
2153,2,10,1.0
2154,1,1000,1.0
2155,2,100,1.0
2156,1,10,1.0
2157,2,100,1.0
2158,1,1000,1.0
2159,1,10,0.7499999999999999
2159,2,10,0.15
2159,3,10,0.10000000000000002
2160,3,100,1.0
2161,2,1000,1.0
2162,1,100,1.0
2163,1,100,1.0
2164,3,1000,1.0
2165,3,1000,1.0
2166,2,100,1.0
2167,1,1000,1.0
2168,1,10,1.0
2169,3,100,1.0
2170,2,100,1.0
2171,2,100,1.0
2172,2,1000,1.0
2173,2,100,1.0
2174,1,100,1.0
2175,1,10,1.0
2176,2,100,1.0
2177,1,10,0.6
2177,1,100,0.2
2177,1,1000,0.2
2178,2,100,1.0
2179,3,1000,1.0
2180,1,10,0.6
2180,1,100,0.2
2180,1,1000,0.2
2181,1,10,1.0
2182,1,100,1.0
2183,2,100,1.0
2184,1,1000,1.0
2185,1,10,1.0
2186,1,10,1.0
2187,1,10,0.7499999999999999
2187,2,10,0.15
2187,3,10,0.10000000000000002
2188,1,100,1.0
2189,2,100,1.0
2190,2,100,1.0
2191,3,100,1.0
2192,2,1000,1.0
2193,2,1000,1.0
2194,1,10,1.0
2195,2,100,1.0
2196,2,100,1.0
2197,2,1000,1.0
2198,1,10,0.7499999999999999
2198,2,10,0.15
2198,3,10,0.10000000000000002
2199,1,10,1.0
2200,1,1000,1.0
2201,1,10,0.6
2201,1,100,0.2
2201,1,1000,0.2
2202,1,10,1.0
2203,2,100,1.0
2204,1,10,1.0
2205,1,10,1.0
2206,1,100,1.0
2207,1,1000,1.0
2208,2,100,1.0
2209,2,10,1.0
2210,2,1000,1.0
2211,1,100,1.0
2212,2,1000,1.0
2213,3,10,1.0
2214,2,1000,1.0
2215,3,10,1.0
2216,2,100,1.0
2217,1,10,1.0
2218,1,1000,1.0
2219,1,10,0.6
2219,1,100,0.2
2219,1,1000,0.2
2220,2,100,1.0
2221,2,100,1.0
2222,1,10,1.0
2223,3,10,0.2
2223,3,100,0.2
2223,3,1000,0.6
2224,1,1000,1.0
2225,2,100,1.0
2226,1,10,1.0
2227,1,10,1.0
2228,1,1000,1.0
2229,3,1000,1.0
2230,1,10,1.0
2231,1,10,1.0
2232,3,10,1.0
2233,2,1000,1.0
2234,3,1000,1.0
2235,1,100,1.0
2236,1,10,0.7499999999999999
2236,2,10,0.15
2236,3,10,0.10000000000000002
2237,1,100,1.0
2238,2,100,1.0
2239,2,100,1.0
2240,1,100,1.0
2241,3,1000,1.0
2242,1,100,1.0
2243,1,10,1.0
2244,1,1000,1.0
2245,3,10,1.0
2246,2,100,1.0
2247,1,10,1.0
2248,2,100,1.0
2249,1,10,1.0
2250,2,100,1.0
2251,2,100,1.0
2252,2,100,1.0
2253,1,10,1.0
2254,1,1000,1.0
2255,1,1000,1.0
2256,1,10,1.0
2257,2,10,1.0
2258,2,100,1.0
2259,2,100,1.0
2260,1,100,1.0
2261,1,100,1.0
2262,3,1000,1.0
2263,1,10,1.0
2264,1,10,1.0
2265,1,10,1.0
2266,1,10,1.0
2267,1,1000,1.0
2268,1,10,1.0
2269,1,10,1.0
2270,1,10,1.0
2271,1,10,1.0
2272,2,100,1.0
2273,2,100,1.0
2274,2,100,1.0
2275,3,1000,1.0
2276,1,10,1.0
2277,2,10,1.0
2278,1,10,1.0
2279,1,10,1.0
2280,3,1000,1.0
2281,3,1000,1.0
2282,2,100,1.0
2283,2,100,1.0
2284,3,10,1.0
2285,3,1000,1.0
2286,1,100,1.0
2287,1,10,0.7499999999999999
2287,2,10,0.15
2287,3,10,0.10000000000000002
2288,1,10,1.0
2289,3,100,1.0
2290,2,10,1.0
2291,1,10,1.0
2292,2,1000,1.0
2293,1,10,1.0
2294,3,10,1.0
2295,3,1000,1.0
2296,2,100,1.0
2297,1,1000,1.0
2298,1,10,0.6
2298,1,100,0.2
2298,1,1000,0.2
2299,3,1000,1.0
2300,1,10,1.0
2301,2,100,1.0
2302,1,10,0.7499999999999999
2302,2,10,0.15
2302,3,10,0.10000000000000002
2303,3,1000,1.0
2304,2,100,1.0
2305,3,10,0.2
2305,3,100,0.2
2305,3,1000,0.6
2306,1,10,1.0
2307,1,1000,1.0
2308,1,10,1.0
2309,2,100,1.0
2310,2,10,1.0
2311,2,100,1.0
2312,1,10,0.8823529411764706
2312,1,100,0.0
2312,1,1000,0.0
2312,2,10,0.0
2312,2,100,0.0
2312,2,1000,0.0
2312,3,10,0.11764705882352944
2312,3,100,0.0
2312,3,1000,0.0
2313,1,100,1.0
2314,1,100,1.0
2315,2,10,1.0
2316,3,1000,1.0
2317,3,1000,1.0
2318,1,10,1.0
2319,2,100,1.0
2320,2,10,1.0
2321,1,10,1.0
2322,1,10,1.0
2323,2,100,1.0
2324,2,100,1.0
2325,1,10,1.0
2326,3,1000,1.0
2327,2,100,1.0
2328,1,10,0.6
2328,1,100,0.2
2328,1,1000,0.2
2329,2,100,1.0
2330,3,10,1.0
2331,3,10,1.0
2332,2,100,1.0
2333,1,10,1.0
2334,1,10,0.6
2334,1,100,0.2
2334,1,1000,0.2
2335,3,1000,1.0
2336,2,100,1.0
2337,3,1000,1.0
2338,1,100,1.0
2339,2,1000,1.0
2340,2,100,1.0
2341,1,10,1.0
2342,2,10,1.0
2343,1,10,1.0
2344,1,10,1.0
2345,2,1000,1.0
2346,2,100,1.0
2347,2,10,1.0
2348,2,1000,1.0
2349,1,100,1.0
2350,1,100,1.0
2351,2,1000,1.0
2352,3,10,1.0
2353,2,1000,1.0
2354,2,100,1.0
2355,1,10,1.0
2356,2,100,1.0
2357,1,10,0.7499999999999999
2357,2,10,0.15
2357,3,10,0.10000000000000002
2358,2,1000,1.0
2359,2,10,1.0
2360,1,10,1.0
2361,1,100,1.0
2362,2,100,1.0
2363,2,100,1.0
2364,2,100,1.0
2365,1,10,0.6
2365,1,100,0.2
2365,1,1000,0.2
2366,2,100,1.0
2367,2,100,1.0
2368,1,10,1.0
2369,1,10,1.0
2370,1,10,0.6
2370,1,100,0.2
2370,1,1000,0.2
2371,2,1000,1.0
2372,1,10,1.0
2373,1,100,1.0
2374,2,10,1.0
2375,1,1000,1.0
2376,1,10,0.6
2376,1,100,0.2
2376,1,1000,0.2
2377,1,100,1.0
2378,2,100,1.0
2379,1,10,0.6
2379,1,100,0.2
2379,1,1000,0.2
2380,2,100,1.0
2381,3,100,1.0
2382,1,10,0.7499999999999999
2382,2,10,0.15
2382,3,10,0.10000000000000002
2383,2,100,1.0
2384,2,10,1.0
2385,1,10,1.0
2386,1,10,0.7499999999999999
2386,2,10,0.15
2386,3,10,0.10000000000000002
2387,1,10,1.0
2388,1,100,1.0
2389,3,1000,1.0
2390,3,100,1.0
2391,3,10,0.2
2391,3,100,0.2
2391,3,1000,0.6
2392,2,10,1.0
2393,1,100,1.0
2394,1,1000,1.0
2395,1,10,0.6
2395,1,100,0.2
2395,1,1000,0.2
2396,1,10,0.6
2396,1,100,0.2
2396,1,1000,0.2
2397,1,10,0.7499999999999999
2397,2,10,0.15
2397,3,10,0.10000000000000002
2398,2,1000,1.0
2399,1,100,1.0
2400,1,10,1.0
2401,3,1000,1.0
2402,1,10,1.0
2403,1,10,1.0
2404,3,100,1.0
2405,1,10,0.7499999999999999
2405,2,10,0.15
2405,3,10,0.10000000000000002
2406,3,100,1.0
2407,1,10,0.8823529411764706
2407,1,100,0.0
2407,1,1000,0.0
2407,2,10,0.0
2407,2,100,0.0
2407,2,1000,0.0
2407,3,10,0.11764705882352945
2407,3,100,0.0
2407,3,1000,0.0
2408,2,10,1.0
2409,2,100,1.0
2410,3,1000,1.0
2411,1,10,1.0
2412,1,10,0.6
2412,1,100,0.2
2412,1,1000,0.2
2413,2,1000,1.0
2414,1,10,1.0
2415,2,1000,1.0
2416,3,1000,1.0
2417,1,100,1.0
2418,1,1000,1.0
2419,3,10,0.2
2419,3,100,0.2
2419,3,1000,0.6
2420,1,10,1.0
2421,1,10,0.7499999999999999
2421,2,10,0.15
2421,3,10,0.10000000000000002
2422,3,100,1.0
2423,3,100,1.0
2424,2,1000,1.0
2425,1,10,1.0
2426,1,10,0.6
2426,1,100,0.2
2426,1,1000,0.2
2427,1,10,1.0
2428,2,10,1.0
2429,1,10,1.0
2430,1,1000,1.0
2431,1,10,1.0
2432,3,1000,1.0
2433,2,100,1.0
2434,1,100,1.0
2435,1,10,1.0
2436,3,100,1.0
2437,2,100,1.0
2438,3,1000,1.0
2439,1,10,1.0
2440,1,10,0.6
2440,1,100,0.2
2440,1,1000,0.2
2441,1,10,1.0
2442,2,1000,1.0
2443,1,10,1.0
2444,1,10,1.0
2445,1,10,1.0
2446,1,10,1.0
2447,1,10,1.0
2448,3,1000,1.0
2449,3,1000,1.0
2450,1,10,1.0
2451,2,100,1.0
2452,1,10,1.0
2453,3,100,1.0
2454,1,1000,1.0
2455,1,100,1.0
2456,3,1000,1.0
2457,1,10,1.0
2458,2,100,1.0
2459,1,10,1.0
2460,3,10,0.2
2460,3,100,0.2
2460,3,1000,0.6
2461,2,100,1.0
2462,1,10,1.0
2463,1,10,1.0
2464,1,10,1.0
2465,1,10,1.0
2466,2,10,1.0
2467,1,10,1.0
2468,1,10,0.7499999999999999
2468,2,10,0.15
2468,3,10,0.10000000000000002
2469,1,10,0.6
2469,1,100,0.2
2469,1,1000,0.2
2470,1,10,1.0
2471,2,100,1.0
2472,2,100,1.0
2473,2,1000,1.0
2474,1,1000,1.0
2475,1,10,1.0
2476,1,10,1.0
2477,2,100,1.0
2478,2,1000,1.0
2479,2,1000,1.0
2480,1,10,0.7499999999999999
2480,2,10,0.15
2480,3,10,0.10000000000000002
2481,3,100,1.0
2482,2,1000,1.0
2483,3,1000,1.0
2484,1,1000,1.0
2485,1,10,1.0
2486,1,100,1.0
2487,1,10,1.0
2488,2,100,1.0
2489,2,1000,1.0
2490,1,10,1.0
2491,1,10,1.0
2492,2,100,1.0
2493,3,10,1.0
2494,1,100,1.0
2495,1,1000,1.0
2496,1,100,1.0
2497,1,10,1.0
2498,1,10,1.0
2499,2,10,1.0
2500,1,10,0.7499999999999999
2500,2,10,0.15
2500,3,10,0.10000000000000002
2501,1,10,1.0
2502,1,10,1.0
2503,1,10,1.0
2504,2,100,1.0
2505,2,1000,1.0
2506,3,100,1.0
2507,3,1000,1.0
2508,1,100,1.0
2509,2,1000,1.0
2510,2,100,1.0
2511,1,100,1.0
2512,3,1000,1.0
2513,1,10,0.6
2513,1,100,0.2
2513,1,1000,0.2
2514,1,10,1.0
2515,1,10,1.0
2516,2,100,1.0
2517,1,100,1.0
2518,3,10,1.0
2519,2,100,1.0
2520,1,10,1.0
2521,3,1000,1.0
2522,1,10,1.0
2523,3,10,0.2
2523,3,100,0.2
2523,3,1000,0.6
2524,3,10,0.2
2524,3,100,0.2
2524,3,1000,0.6
2525,3,10,0.2
2525,3,100,0.2
2525,3,1000,0.6
2526,2,10,1.0
2527,2,1000,1.0
2528,2,100,1.0
2529,1,100,1.0
2530,1,10,0.7499999999999999
2530,2,10,0.15
2530,3,10,0.10000000000000002
2531,2,1000,1.0
2532,1,10,1.0
2533,1,1000,1.0
2534,3,10,0.2
2534,3,100,0.2
2534,3,1000,0.6
2535,1,10,1.0
2536,1,100,1.0
2537,1,10,1.0
2538,1,1000,1.0
2539,2,1000,1.0
2540,2,1000,1.0
2541,1,1000,1.0
2542,3,10,1.0
2543,2,10,1.0
2544,2,10,1.0
2545,1,10,1.0
2546,1,10,1.0
2547,3,1000,1.0
2548,3,1000,1.0
2549,2,10,1.0
2550,2,100,1.0
2551,1,10,1.0
2552,1,10,1.0
2553,1,1000,1.0
2554,1,100,1.0
2555,1,10,1.0
2556,2,100,1.0
2557,1,100,1.0
2558,3,1000,1.0
2559,1,10,1.0
2560,3,100,1.0
2561,1,10,1.0
2562,2,100,1.0
2563,1,10,1.0
2564,2,100,1.0
2565,3,1000,1.0
2566,1,10,1.0
2567,2,100,1.0
2568,3,100,1.0
2569,1,10,1.0
2570,1,10,1.0
2571,2,100,1.0
2572,1,10,1.0
2573,3,100,1.0
2574,2,10,1.0
2575,1,100,1.0
2576,2,1000,1.0
2577,2,100,1.0
2578,1,10,1.0
2579,1,10,1.0
2580,2,10,1.0
2581,2,10,1.0
2582,1,10,1.0
2583,1,100,1.0
2584,3,10,0.2
2584,3,100,0.2
2584,3,1000,0.6
2585,1,10,1.0
2586,1,10,0.7499999999999999
2586,2,10,0.15
2586,3,10,0.10000000000000002
2587,2,10,1.0
2588,1,10,1.0
2589,3,100,1.0
2590,3,1000,1.0
2591,3,10,1.0
2592,1,100,1.0
2593,1,1000,1.0
2594,1,10,0.7499999999999999
2594,2,10,0.15
2594,3,10,0.10000000000000002
2595,2,10,1.0
2596,1,10,1.0
2597,2,10,1.0
2598,2,10,1.0
2599,1,100,1.0
2600,1,10,1.0
2601,1,10,1.0
2602,1,10,1.0
2603,2,10,1.0
2604,1,1000,1.0
2605,2,1000,1.0
2606,2,100,1.0
2607,1,1000,1.0
2608,1,10,1.0
2609,2,100,1.0
2610,1,10,1.0
2611,2,100,1.0
2612,1,10,1.0
2613,1,10,1.0
2614,2,100,1.0
2615,1,10,1.0
2616,1,10,1.0
2617,2,1000,1.0
2618,2,10,1.0
2619,2,1000,1.0
2620,2,10,1.0
2621,2,100,1.0
2622,1,10,1.0
2623,3,1000,1.0
2624,1,1000,1.0
2625,1,10,1.0
2626,2,100,1.0
2627,2,1000,1.0
2628,1,1000,1.0
2629,3,100,1.0
2630,1,1000,1.0
2631,2,1000,1.0
2632,1,10,1.0
2633,2,1000,1.0
2634,1,10,1.0
2635,1,1000,1.0
2636,1,10,0.7499999999999999
2636,2,10,0.15
2636,3,10,0.10000000000000002
2637,1,10,1.0
2638,2,100,1.0
2639,2,100,1.0
2640,1,10,1.0
2641,2,1000,1.0
2642,2,100,1.0
2643,2,100,1.0
2644,2,100,1.0
2645,1,100,1.0
2646,1,10,1.0
2647,3,10,0.2
2647,3,100,0.2
2647,3,1000,0.6
2648,1,10,1.0
2649,2,100,1.0
2650,1,10,1.0
2651,1,10,1.0
2652,2,100,1.0
2653,1,10,1.0
2654,3,1000,1.0
2655,3,1000,1.0
2656,2,1000,1.0
2657,1,10,1.0
2658,1,10,0.6
2658,1,100,0.2
2658,1,1000,0.2
2659,2,10,1.0
2660,3,1000,1.0
2661,2,100,1.0
2662,2,100,1.0
2663,1,10,1.0
2664,2,100,1.0
2665,1,10,0.6
2665,1,100,0.2
2665,1,1000,0.2
2666,2,1000,1.0
2667,2,100,1.0
2668,1,10,0.7499999999999999
2668,2,10,0.15
2668,3,10,0.10000000000000002
2669,2,100,1.0
2670,1,100,1.0
2671,3,1000,1.0
2672,2,100,1.0
2673,1,10,0.7499999999999999
2673,2,10,0.15
2673,3,10,0.10000000000000002
2674,3,100,1.0
2675,2,100,1.0
2676,1,10,0.7499999999999999
2676,2,10,0.15
2676,3,10,0.10000000000000002
2677,2,10,1.0
2678,1,10,1.0
2679,1,10,1.0
2680,2,100,1.0
2681,1,10,1.0
2682,3,1000,1.0
2683,1,1000,1.0
2684,1,10,1.0
2685,3,1000,1.0
2686,3,100,1.0
2687,2,10,1.0
2688,1,10,1.0
2689,1,1000,1.0
2690,1,10,1.0
2691,1,1000,1.0
2692,3,100,1.0
2693,1,10,0.7499999999999999
2693,2,10,0.15
2693,3,10,0.10000000000000002
2694,2,10,1.0
2695,2,1000,1.0
2696,1,100,1.0
2697,3,100,1.0
2698,2,100,1.0
2699,1,10,0.6
2699,1,100,0.2
2699,1,1000,0.2
2700,2,100,1.0
2701,2,10,1.0
2702,3,10,0.2
2702,3,100,0.2
2702,3,1000,0.6
2703,2,100,1.0
2704,1,10,1.0
2705,1,10,0.6
2705,1,100,0.2
2705,1,1000,0.2
2706,3,100,1.0
2707,3,10,1.0
2708,1,10,1.0
2709,3,1000,1.0
2710,3,1000,1.0
2711,1,1000,1.0
2712,1,10,1.0
2713,2,100,1.0
2714,2,100,1.0
2715,1,10,1.0
2716,3,100,1.0
2717,1,100,1.0
2718,1,10,1.0
2719,1,10,1.0
2720,1,10,0.6
2720,1,100,0.2
2720,1,1000,0.2
2721,3,1000,1.0
2722,1,1000,1.0
2723,2,1000,1.0
2724,1,10,1.0
2725,2,100,1.0
2726,1,10,1.0
2727,1,10,1.0
2728,3,10,1.0
2729,3,100,1.0
2730,2,100,1.0
2731,2,100,1.0
2732,1,1000,1.0
2733,1,10,1.0
2734,1,10,1.0
2735,2,10,1.0
2736,1,10,1.0
2737,2,10,1.0
2738,2,100,1.0
2739,1,10,0.6
2739,1,100,0.2
2739,1,1000,0.2
2740,1,1000,1.0
2741,1,100,1.0
2742,3,100,1.0
2743,3,1000,1.0
2744,2,100,1.0
2745,2,100,1.0
2746,1,10,1.0
2747,3,100,1.0
2748,1,10,1.0
2749,1,10,0.7499999999999999
2749,2,10,0.15
2749,3,10,0.10000000000000002
2750,1,10,1.0
2751,2,100,1.0
2752,1,1000,1.0
2753,1,10,1.0
2754,1,10,1.0
2755,3,1000,1.0
2756,1,10,1.0
2757,1,10,1.0
2758,2,100,1.0
2759,3,100,1.0
2760,1,100,1.0
2761,1,10,1.0
2762,1,10,1.0
2763,2,100,1.0
2764,3,10,1.0
2765,2,1000,1.0
2766,3,1000,1.0
2767,1,1000,1.0
2768,1,1000,1.0
2769,1,100,1.0
2770,1,100,1.0
2771,1,10,0.6
2771,1,100,0.2
2771,1,1000,0.2
2772,2,1000,1.0
2773,1,10,0.6
2773,1,100,0.2
2773,1,1000,0.2
2774,2,1000,1.0
2775,2,1000,1.0
2776,1,10,1.0
2777,1,10,1.0
2778,1,10,1.0
2779,2,100,1.0
2780,3,100,1.0
2781,1,10,1.0
2782,1,10,1.0
2783,1,10,0.7499999999999999
2783,2,10,0.15
2783,3,10,0.10000000000000002
2784,3,1000,1.0
2785,1,10,1.0
2786,2,10,1.0
2787,3,1000,1.0
2788,2,10,1.0
2789,2,100,1.0
2790,1,100,1.0
2791,2,100,1.0
2792,1,10,0.7499999999999999
2792,2,10,0.15
2792,3,10,0.10000000000000002
2793,3,10,0.2
2793,3,100,0.2
2793,3,1000,0.6
2794,2,100,1.0
2795,2,10,1.0
2796,2,1000,1.0
2797,1,10,1.0
2798,1,100,1.0
2799,2,10,1.0
2800,2,100,1.0
2801,1,10,0.6
2801,1,100,0.2
2801,1,1000,0.2
2802,2,100,1.0
2803,1,10,1.0
2804,1,10,1.0
2805,1,10,0.7499999999999999
2805,2,10,0.15
2805,3,10,0.10000000000000002
2806,3,10,0.2
2806,3,100,0.2
2806,3,1000,0.6
2807,3,1000,1.0
2808,1,10,1.0
2809,1,10,1.0
2810,2,10,1.0
2811,3,1000,1.0
2812,1,10,1.0
2813,3,1000,1.0
2814,1,100,1.0
2815,1,10,1.0
2816,3,1000,1.0
2817,2,100,1.0
2818,2,100,1.0
2819,2,100,1.0
2820,1,10,1.0
2821,3,100,1.0
2822,3,1000,1.0
2823,2,1000,1.0
2824,1,10,0.6
2824,1,100,0.2
2824,1,1000,0.2
2825,1,10,1.0
2826,3,1000,1.0
2827,1,10,1.0
2828,1,10,1.0
2829,1,10,1.0
2830,2,1000,1.0
2831,2,100,1.0
2832,1,10,0.6
2832,1,100,0.2
2832,1,1000,0.2
2833,3,100,1.0
2834,1,10,1.0
2835,3,100,1.0
2836,1,10,1.0
2837,1,10,1.0
2838,1,10,0.6
2838,1,100,0.2
2838,1,1000,0.2
2839,3,100,1.0
2840,2,100,1.0
2841,1,100,1.0
2842,3,100,1.0
2843,1,10,1.0
2844,3,1000,1.0
2845,1,10,1.0
2846,1,100,1.0
2847,2,100,1.0
2848,2,1000,1.0
2849,1,10,1.0
2850,1,1000,1.0
2851,1,10,0.7499999999999999
2851,2,10,0.15
2851,3,10,0.10000000000000002
2852,1,1000,1.0
2853,2,100,1.0
2854,1,100,1.0
2855,3,1000,1.0
2856,3,10,0.2
2856,3,100,0.2
2856,3,1000,0.6
2857,1,10,0.6
2857,1,100,0.2
2857,1,1000,0.2
2858,2,100,1.0
2859,2,100,1.0
2860,3,10,1.0
2861,3,1000,1.0
2862,2,100,1.0
2863,3,1000,1.0
2864,1,10,1.0
2865,1,10,1.0
2866,1,1000,1.0
2867,1,10,0.7499999999999999
2867,2,10,0.15
2867,3,10,0.10000000000000002
2868,1,10,0.6
2868,1,100,0.2
2868,1,1000,0.2
2869,3,10,0.2
2869,3,100,0.2
2869,3,1000,0.6
2870,1,10,1.0
2871,1,10,1.0
2872,1,10,0.7499999999999999
2872,2,10,0.15
2872,3,10,0.10000000000000002
2873,2,100,1.0
2874,1,100,1.0
2875,2,100,1.0
2876,3,100,1.0
2877,2,100,1.0
2878,2,100,1.0
2879,1,10,1.0
2880,1,10,1.0
2881,2,100,1.0
2882,1,10,1.0
2883,1,10,1.0
2884,2,100,1.0
2885,1,10,1.0
2886,3,100,1.0
2887,2,10,1.0
2888,2,100,1.0
2889,1,10,0.6
2889,1,100,0.2
2889,1,1000,0.2
2890,3,1000,1.0
2891,2,1000,1.0
2892,3,100,1.0
2893,1,10,1.0
2894,1,10,1.0
2895,1,10,0.6
2895,1,100,0.2
2895,1,1000,0.2
2896,1,10,1.0
2897,2,1000,1.0
2898,2,10,1.0
2899,1,100,1.0
2900,3,10,0.2
2900,3,100,0.2
2900,3,1000,0.6
2901,3,1000,1.0
2902,1,100,1.0
2903,3,1000,1.0
2904,1,10,1.0
2905,3,1000,1.0
2906,2,1000,1.0
2907,1,10,0.7499999999999999
2907,2,10,0.15
2907,3,10,0.10000000000000002
2908,1,10,1.0
2909,1,10,1.0
2910,1,100,1.0
2911,2,10,1.0
2912,1,10,1.0
2913,1,10,1.0
2914,1,10,1.0
2915,1,100,1.0
2916,1,10,1.0
2917,2,10,1.0
2918,2,100,1.0
2919,1,10,1.0
2920,3,1000,1.0
2921,2,100,1.0
2922,3,10,0.2
2922,3,100,0.2
2922,3,1000,0.6
2923,1,10,1.0
2924,2,100,1.0
2925,3,10,1.0
2926,2,100,1.0
2927,1,10,1.0
2928,3,1000,1.0
2929,1,10,1.0
2930,1,10,1.0
2931,1,100,1.0
2932,3,100,1.0
2933,1,10,1.0
2934,1,1000,1.0
2935,2,1000,1.0
2936,1,100,1.0
2937,2,1000,1.0
2938,3,100,1.0
2939,3,1000,1.0
2940,1,10,1.0
2941,1,10,0.7499999999999999
2941,2,10,0.15
2941,3,10,0.10000000000000002
2942,1,10,1.0
2943,1,10,1.0
2944,2,1000,1.0
2945,1,10,0.6
2945,1,100,0.2
2945,1,1000,0.2
2946,2,100,1.0
2947,2,100,1.0
2948,1,10,1.0
2949,2,100,1.0
2950,1,10,1.0
2951,1,10,1.0
2952,1,10,0.6
2952,1,100,0.2
2952,1,1000,0.2
2953,1,10,1.0
2954,1,10,1.0
2955,3,1000,1.0
2956,1,100,1.0
2957,1,10,1.0
2958,2,10,1.0
2959,2,1000,1.0
2960,2,100,1.0
2961,2,10,1.0
2962,3,1000,1.0
2963,2,10,1.0
2964,2,100,1.0
2965,1,1000,1.0
2966,1,1000,1.0
2967,2,100,1.0
2968,1,10,1.0
2969,3,1000,1.0
2970,1,10,0.6
2970,1,100,0.2
2970,1,1000,0.2
2971,2,100,1.0
2972,1,10,1.0
2973,1,10,1.0
2974,2,100,1.0
2975,2,100,1.0
2976,1,10,1.0
2977,1,10,1.0
2978,1,10,1.0
2979,2,100,1.0
2980,2,100,1.0
2981,3,1000,1.0
2982,1,10,1.0
2983,3,100,1.0
2984,1,100,1.0
2985,1,10,1.0
2986,3,10,1.0
2987,3,1000,1.0
2988,1,1000,1.0
2989,2,1000,1.0
2990,1,10,0.7499999999999999
2990,2,10,0.15
2990,3,10,0.10000000000000002
2991,1,1000,1.0
2992,1,10,0.7499999999999999
2992,2,10,0.15
2992,3,10,0.10000000000000002
2993,2,1000,1.0
2994,1,10,0.7499999999999999
2994,2,10,0.15
2994,3,10,0.10000000000000002
2995,1,10,1.0
2996,1,10,0.7499999999999999
2996,2,10,0.15
2996,3,10,0.10000000000000002
2997,3,1000,1.0
2998,1,10,1.0
2999,1,100,1.0
